{
  "properties": {
    "connectionReferences": {},
    "definition": {
      "$schema": "https://schema.management.azure.com/providers/Microsoft.Logic/schemas/2016-06-01/workflowdefinition.json#",
      "contentVersion": "1.0.0.0",
      "parameters": {
        "$authentication": {
          "defaultValue": {},
          "type": "SecureObject"
        }
      },
      "triggers": {
        "manual": {
          "metadata": {
            "operationMetadataId": "aae4e668-7886-45a9-8f6a-86b9139b792e"
          },
          "type": "Request",
          "kind": "PowerAppV2",
          "inputs": {
            "schema": {
              "type": "object",
              "properties": {
                "text": {
                  "title": "text",
                  "type": "string",
                  "x-ms-dynamically-added": true,
                  "description": "textを指定してください",
                  "x-ms-content-hint": "TEXT"
                }
              },
              "required": [
                "text"
              ]
            }
          }
        }
      },
      "actions": {
        "HTTP": {
          "runAfter": {},
          "metadata": {
            "operationMetadataId": "73c371a8-6909-4f64-bf47-e4f01d614a53"
          },
          "type": "Http",
          "inputs": {
            "method": "POST",
            "uri": "https://api.github.com/markdown",
            "headers": {
              "Accept": "application/vnd.github+json"
            },
            "body": {
              "text": "@{triggerBody()['text']}",
              "mode": "markdown"
            }
          }
        },
        "PowerApp_または_Flow_に応答する": {
          "runAfter": {
            "HTTP": [
              "Succeeded"
            ]
          },
          "metadata": {
            "operationMetadataId": "002037d8-251a-49ae-a5ea-6ab0f1a87f55"
          },
          "type": "Response",
          "kind": "PowerApp",
          "inputs": {
            "statusCode": 200,
            "body": {
              "text": "@{body('HTTP')}"
            },
            "schema": {
              "type": "object",
              "properties": {
                "text": {
                  "title": "text",
                  "x-ms-dynamically-added": true,
                  "type": "string"
                }
              }
            }
          }
        }
      }
    },
    "templateName": ""
  },
  "schemaVersion": "1.0.0.0"
}